token,n.x,n.y,freq,interest
to your,7,2556,0.041895218222483224,0.4581047817775168
i can,79,10723,0.1052510075626302,0.39474899243736983
with the,55,3814,0.1871558981280858,0.3128441018719142
your business,37,4649,0.11274675080951443,0.38725324919048554
i think,6,4458,0.021037375378804516,0.4789626246211955
that you,66,5367,0.1641228507351109,0.3358771492648891
you have,49,9283,0.07772858084322147,0.4222714191567785
have an,73,1635,0.4161895806801005,0.08381041931989952
business or,34,221,0.7106824925816023,0.21068249258160232
i am,67,18379,0.05500434474851019,0.4449956552514898
to be,68,6104,0.15101162769133764,0.34898837230866236
you are,119,10102,0.15830928648201276,0.34169071351798724
you will,34,2253,0.1941675807143879,0.3058324192856121
will be,84,5462,0.19714252116650988,0.3028574788334901
so we,5,745,0.09678722974338251,0.4032127702566175
we can,39,5127,0.1083013026766614,0.3916986973233386
to have,72,3518,0.2462935984231725,0.2537064015768275
have a,32,10064,0.0483155134153722,0.4516844865846278
how are,5,1057,0.07022430728632165,0.4297756927136783
are you,6,4510,0.02079986104476964,0.47920013895523034
thanks for,5,4322,0.01813638256786945,0.4818636174321306
contact me,59,1139,0.4526757540324518,0.047324245967548195
thank you,113,11939,0.13128157614535152,0.3687184238546485
you for,39,5442,0.10267614226589938,0.3973238577341006
i will,77,6882,0.15156795141014942,0.34843204858985055
if you,76,13658,0.08159697317458041,0.4184030268254196
of a,34,2145,0.20196934371744632,0.29803065628255365
would be,34,8500,0.060032585537034715,0.4399674144629653
get a,35,1620,0.2564828272011015,0.2435171727988985
for your,41,6907,0.08657300671371705,0.41342699328628296
more information,128,443,0.8218546419667032,0.3218546419667032
i would,76,11119,0.09839610350997637,0.40160389649002365
would like,116,5458,0.25336519169736993,0.24663480830263007
like to,115,7065,0.20628382047297172,0.2937161795270283
do you,14,4272,0.04972342918155799,0.450276570818442
you can,34,7979,0.06370278812153832,0.4362972118784617
as well,31,3340,0.12906674547366773,0.3709332545263323
for example,33,569,0.4807920430696232,0.0192079569303768
this would,13,349,0.3729412469305863,0.12705875306941372
the right,13,2063,0.09141623970521306,0.40858376029478694
business and,31,3129,0.13658146230189755,0.36341853769810245
to help,86,7446,0.15569935065425927,0.34430064934574073
in your,72,2399,0.32395874429352417,0.17604125570647583
build a,13,754,0.21586300135196032,0.28413699864803965
your profile,124,3977,0.33236712813223956,0.16763287186776044
profile and,124,2238,0.46940001264462294,0.030599987355377056
looking for,13,4258,0.046481596213993,0.453518403786007
i have,35,14243,0.03775433223361971,0.4622456677663803
that i'm,31,378,0.5669937760128299,0.06699377601282985
interested in,33,3146,0.14345612458820006,0.35654387541179994
how's it,159,47,0.9818231039950498,0.4818231039950498
it going,159,123,0.953788931885637,0.45378893188563696
going i'm,127,31,0.9849424412674254,0.48494244126742536
director of,159,128,0.9520005999925001,0.4520005999925001
of grants,127,15,0.992657017443663,0.49265701744366297
i came,126,651,0.7555205047318613,0.2555205047318613
came across,126,620,0.764419788737746,0.26441978873774596
across your,126,657,0.7538219424460432,0.25382194244604317
and decided,126,58,0.9719779688858827,0.4719779688858827
decided to,126,573,0.7783194057567318,0.27831940575673175
to contact,168,731,0.7858440264838578,0.28584402648385776
mentoring you,126,61,0.9705712080277885,0.4705712080277885
you and,127,2742,0.42512911183635815,0.07487088816364185
and securing,127,6,0.9970498090570863,0.4970498090570863
securing a,126,16,0.9921096755104053,0.4921096755104053
a fast,126,62,0.9701031922075417,0.4701031922075417
business grant,94,5,0.9966796529130513,0.4966796529130513
for you,126,4822,0.29438965143843837,0.20561034856156163
you through,127,175,0.9205544542469318,0.42055445424693183
through our,127,94,0.9556972962782586,0.4556972962782586
our organization,127,40,0.9806554575790305,0.4806554575790305
kindly contact,128,13,0.9936792972675116,0.4936792972675116
contact us,129,33,0.9842308978831175,0.48423089788311746
us via,127,7,0.9965598021067116,0.4965598021067116
gmail.com for,157,8,0.9968187903450287,0.49681879034502874
for more,157,388,0.8659650173301245,0.36596501733012454
information on,127,256,0.8879044852801659,0.38790448528016586
business grants,128,7,0.9965865869119989,0.49658658691199886
grants and,127,37,0.9820802996303053,0.4820802996303053
and mentorship,127,60,0.9712611562594797,0.47126115625947973
mentorship and,94,39,0.9746731318728894,0.4746731318728894
and grants,94,9,0.9940392087601555,0.4940392087601555
regards paul,11,26,0.8710530666225823,0.3710530666225823
regards chris,9,98,0.5945386843194043,0.09453868431940426
regards david,10,49,0.7651757188498403,0.26517571884984026
regards samuel,9,8,0.9472643375082399,0.4472643375082399
hi there,10,254,0.3859790491539081,0.11402095084609187
we would,42,551,0.5489521938441388,0.04895219384413885
your message,6,769,0.11077705827937094,0.38922294172062905
organization we,33,7,0.9868889305113316,0.48688893051133164
can provide,33,574,0.4786084112998456,0.021391588700154396
funding for,33,139,0.7912599489412825,0.2912599489412825
your current,33,443,0.5432518816372821,0.04325188163728211
current business,33,184,0.7411731607821072,0.24117316078210715
yet to,34,137,0.7984898999803883,0.29848989998038833
be established,33,7,0.9868889305113316,0.48688893051133164
established business,33,32,0.942744677044194,0.44274467704419396
business kindly,33,15,0.9723196161653441,0.4723196161653441
an email,35,812,0.4076595744680851,0.0923404255319149
from you,7,5171,0.021156843320734715,0.4788431566792653
with you,121,5779,0.2505479209264727,0.2494520790735273
you i,72,2651,0.3024785560174709,0.19752144398252908
i hope,71,3917,0.22445369887604857,0.2755463011239514
hope i,71,232,0.8301154531475018,0.3301154531475018
can trust,71,17,0.9852255279701034,0.48522552797010343
trust you,71,85,0.9302497333078039,0.4302497333078039
i needs,71,9,0.9921234575104292,0.4921234575104292
someone to,71,643,0.638079513686936,0.13807951368693605
to trust,71,43,0.9634550553840052,0.4634550553840052
trust i,71,17,0.9852255279701034,0.48522552797010343
i need,72,4269,0.21215812202413908,0.2878418779758609
need your,72,528,0.6852646638054363,0.18526466380543627
your assistance,71,201,0.8493968380828691,0.34939683808286914
assistance to,71,154,0.8804007351989438,0.3804007351989438
help me,71,4403,0.2047513832112174,0.29524861678878256
receive my,71,38,0.9675666448547612,0.4675666448547612
funds the,71,5,0.9956087707485582,0.49560877074855825
for investment,71,51,0.9569487042404119,0.4569487042404119
investment in,71,38,0.9675666448547612,0.4675666448547612
your country,71,93,0.9241827223565858,0.42418272235658583
country please,71,7,0.9938630585347322,0.4938630585347322
please if,72,29,0.975394535890039,0.475394535890039
are interested,71,957,0.5422439771042269,0.04224397710422689
reply to,71,104,0.9159686498424412,0.4159686498424412
to enable,72,48,0.9599198396793588,0.4599198396793588
give you,72,1555,0.4250536123641204,0.07494638763587957
you more,72,285,0.8013383521539105,0.30133835215391047
more details,73,384,0.7521887839611073,0.25218878396110733
details at,71,6,0.9947351487320483,0.49473514873204827
yahoo.com thank,73,11,0.9906507635209791,0.49065076352097914
your mail,5,64,0.5550405561993047,0.0550405561993047
from micromentor,32,52,0.9076267171956418,0.4076267171956418
micromentor we,32,9,0.9826900884728811,0.4826900884728811
to inform,73,36,0.9700391155990791,0.47003911559907907
inform you,41,39,0.9437743284155894,0.4437743284155894
you that,41,368,0.6401447244043157,0.1401447244043157
that our,41,106,0.8606424470835707,0.36064244708357074
partnership with,41,103,0.8640503321747547,0.3640503321747547
has you,41,6,0.9909178061456179,0.49091780614561786
you listed,41,37,0.9465034459492023,0.4465034459492023
listed as,41,13,0.9805282340606121,0.48052823406061207
as the,41,871,0.42908955843474844,0.07091044156525156
the top,41,295,0.6893537856716628,0.18935378567166283
of an,41,339,0.658827870777282,0.158827870777282
us dollars,41,7,0.9894201219204998,0.4894201219204998
further information,41,34,0.9506268454426642,0.4506268454426642
teamed up,41,5,0.9924200313305371,0.49242003133053713
up with,41,1225,0.3482771462519285,0.15172285374807148
the worlds,41,12,0.9819990999549977,0.4819990999549977
to kickstart,41,10,0.9849541100356086,0.4849541100356086
a yearly,41,6,0.9909178061456179,0.49091780614561786
for micromentor,41,28,0.9589823721861419,0.4589823721861419
only one,41,169,0.7948116071067223,0.2948116071067223
shall be,41,33,0.9520093072858598,0.45200930728585975
how to,41,4699,0.12227832811361755,0.37772167188638245
to claim,41,11,0.9834743852972107,0.48347438529721065
are to,41,155,0.8085553131046975,0.3085553131046975
contact the,41,45,0.9356805945971699,0.4356805945971699
remember to,41,35,0.9492483928657741,0.4492483928657741
to quote,41,12,0.9819990999549977,0.4819990999549977
best regards,41,2258,0.22475652044541597,0.27524347955458406
micromentor team,41,5,0.9924200313305371,0.49242003133053713
hello my,30,399,0.5455580865603645,0.04555808656036453
my name,62,4094,0.19471800049830185,0.30528199950169815
name is,62,4179,0.19151598008615575,0.3084840199138442
i'm an,31,143,0.7758503579079367,0.27585035790793666
an investor,81,192,0.8707331852151081,0.3707331852151081
searching for,30,223,0.6823361823361823,0.18233618233618232
who needs,30,21,0.9580000000000001,0.4580000000000001
capital as,30,24,0.9522862823061631,0.4522862823061631
well as,30,1719,0.21792538671519565,0.2820746132848043
in a,80,3162,0.2877308905241027,0.21226910947589728
a lucrative,80,35,0.9733299466598934,0.47332994665989336
on the,30,5532,0.07968724005989021,0.4203127599401098
the off,30,6,0.9876288659793814,0.4876288659793814
chance that,30,14,0.971602434077079,0.471602434077079
a business,43,4442,0.13387106209012264,0.36612893790987733
business idea,30,522,0.4785214785214785,0.021478521478521473
idea or,30,60,0.888682745825603,0.388682745825603
and need,30,330,0.5920889987639061,0.09208899876390608
need a,30,1018,0.3199732798931196,0.18002672010688042
don't hesitate,30,85,0.8492907801418439,0.3492907801418439
hesitate to,30,156,0.7543307086614173,0.25433070866141727
to get,31,6049,0.0756371008409782,0.4243628991590218
get in,30,500,0.4892747701736466,0.010725229826353377
in touch,30,872,0.3545521835677276,0.1454478164322724
touch with,30,341,0.5841463414634146,0.0841463414634146
with me,30,2162,0.18137069291934874,0.3186293070806513
me on,30,1249,0.27719907407407407,0.22280092592592593
on my,31,2393,0.1713893281316728,0.3286106718683272
my private,37,17,0.972028739099435,0.472028739099435
private email,36,5,0.9913763366678164,0.49137633666781644
more data,30,8,0.9835728952772074,0.48357289527720737
concerning your,30,5,0.9896694214876033,0.4896694214876033
note please,30,8,0.9835728952772074,0.48357289527720737
please take,30,170,0.7380585516178737,0.2380585516178737
note of,30,8,0.9835728952772074,0.48357289527720737
of that,30,444,0.5189599133261105,0.018959913326110467
i'm searching,30,25,0.9503968253968255,0.45039682539682546
with great,30,122,0.7970049916805324,0.2970049916805324
great business,30,107,0.81740614334471,0.31740614334470996
recommendations i,10,12,0.9300970873786407,0.4300970873786407
for a,37,5143,0.10303291030329104,0.39696708969670896
business partner,5,220,0.2662590327959978,0.23374096720400223
me via,57,268,0.7725150666327137,0.27251506663271374
via my,56,101,0.8985060628391506,0.3985060628391506
you in,51,2205,0.26969827443447153,0.23030172556552847
to proceed,52,223,0.7882777390974112,0.28827773909741117
am looking,12,2288,0.07727052750443619,0.4227294724955638
for entrepreneurs,12,119,0.6168705730843528,0.11687057308435278
entrepreneurs the,12,9,0.9551345962113659,0.45513459621136587
the ideal,12,85,0.6926970354302242,0.1926970354302242
partner is,12,41,0.823731728288908,0.32373172828890795
is someone,12,56,0.7738287560581583,0.27382875605815826
someone who,12,858,0.18254573170731708,0.3174542682926829
who is,12,851,0.18377134087857278,0.3162286591214272
is ready,12,97,0.6638946638946639,0.1638946638946639
ready to,12,817,0.18996628990680153,0.31003371009319847
to build,12,1270,0.13108921729611386,0.3689107827038861
best years,12,13,0.9364613880742912,0.43646138807429125
years are,12,5,0.9745676500508648,0.47456765005086476
are ahead,12,5,0.9745676500508648,0.47456765005086476
ahead of,12,247,0.43684450524395807,0.06315549475604193
of them,12,658,0.22551789077212805,0.274482109227872
them i,12,364,0.34485241180705545,0.15514758819294455
entrepreneurs with,12,51,0.7897774113767518,0.28977741137675184
mix of,12,32,0.8568872987477639,0.3568872987477639
of experience,12,1048,0.1545659890287189,0.3454340109712811
creativity and,12,18,0.9141221374045801,0.41412213740458015
and cultural,12,11,0.945705824284304,0.44570582428430405
fit in,12,75,0.7186796699174793,0.21867966991747934
in return,12,139,0.5795523290986087,0.07955232909860865
return i,12,33,0.8530721282279609,0.35307212822796086
will provide,12,210,0.4770916334661355,0.02290836653386452
tools and,12,72,0.7268588770864947,0.22685887708649466
and resources,12,90,0.6803977272727273,0.1803977272727273
resources to,12,114,0.6269633507853403,0.12696335078534027
help my,12,273,0.412397761515282,0.08760223848471799
my partners,12,40,0.8272884283246977,0.32728842832469773
new heights,12,10,0.9503968253968254,0.45039682539682535
of success,12,156,0.5512082853855005,0.051208285385500485
success do,12,7,0.9647532729103726,0.4647532729103726
have any,13,1777,0.10459042276231585,0.39540957723768416
any project,13,7,0.967376106882088,0.46737610688208797
project that,13,70,0.7478083343340939,0.24780833433409388
that needs,13,91,0.695210449927431,0.19521044992743097
funding i,12,75,0.7186796699174793,0.21867966991747934
am wondering,12,108,0.6395193591455274,0.13951935914552738
wondering if,12,806,0.1920609462710505,0.3079390537289495
if this,12,820,0.18940292605773032,0.31059707394226965
would interest,12,9,0.9551345962113659,0.45513459621136587
interest you,12,111,0.6331791143423662,0.13317911434236618
you email,12,69,0.7352264006139678,0.23522640061396782
business plan,53,2972,0.2216295494425869,0.2783704505574131
email to,33,202,0.7228700782000275,0.22287007820002747
plan proposal,51,22,0.9736936506038504,0.4736936506038504
hello i,50,589,0.5754444978375781,0.07544449783757812
am an,50,560,0.5877300613496932,0.08773006134969319
investor willing,50,21,0.9743694060211554,0.4743694060211554
willing venture,50,21,0.9743694060211554,0.4743694060211554
venture into,50,66,0.9236405707674508,0.42364057076745076
into profitable,50,23,0.9719967532467533,0.4719967532467533
profitable business,50,108,0.8808385435821994,0.3808385435821994
business with,50,544,0.5947355351378197,0.09473553513781974
you also,50,309,0.7209512341962673,0.22095123419626728
also willing,50,30,0.9637826961770624,0.46378269617706236
willing to,50,1718,0.3172605643131541,0.18273943568684592
to deal,50,145,0.8462897526501767,0.3462897526501767
deal with,50,302,0.7255377158436838,0.22553771584368376
in trust,50,26,0.9684593610998787,0.46845936109987873
trust and,50,79,0.9099544072948328,0.4099544072948328
and confidence,50,57,0.9333593141075605,0.43335931410756046
confidence i,50,39,0.9534235668789809,0.4534235668789809
am keen,50,63,0.9268575851393189,0.42685758513931893
keen on,50,53,0.9377447141738449,0.43774471417384486
on investing,50,27,0.9672859450726979,0.46728594507269794
investing in,50,153,0.8391730903994393,0.3391730903994393
lucrative calculated,50,21,0.9743694060211554,0.4743694060211554
calculated viable,50,21,0.9743694060211554,0.4743694060211554
viable business,50,54,0.9366445052796245,0.4366445052796245
business either,50,25,0.9696356275303644,0.46963562753036436
either by,50,43,0.9488906497622821,0.4488906497622821
by partnership,50,23,0.9719967532467533,0.4719967532467533
partnership or,50,28,0.9661153691004437,0.4661153691004437
or as,50,69,0.920445810914681,0.42044581091468103
as a,50,4001,0.16634254757605224,0.33365745242394773
cash fixed,50,21,0.9743694060211554,0.4743694060211554
fixed interest,50,30,0.9637826961770624,0.46378269617706236
interest shares,50,21,0.9743694060211554,0.4743694060211554
property i,50,58,0.9322693655118723,0.43226936551187234
will welcome,50,22,0.9731816334823243,0.47318163348232434
welcome any,50,46,0.9455191472562179,0.4455191472562179
any profitable,50,22,0.9731816334823243,0.47318163348232434
long or,50,7,0.9913079470198676,0.4913079470198676
or short,50,5,0.9937759336099585,0.49377593360995853
short term,50,205,0.7956810631229236,0.29568106312292364
term i,50,29,0.9649476228847703,0.4649476228847703
be willing,50,496,0.616791140870461,0.11679114087046105
to invest,50,339,0.7019343493552169,0.20193434935521692
proceed with,50,67,0.9225731895223421,0.42257318952234213
with investment,50,26,0.9684593610998787,0.46845936109987873
investment contact,50,21,0.9743694060211554,0.4743694060211554
my email,50,1474,0.35132756344433036,0.14867243655566964
email junjin015,50,21,0.9743694060211554,0.4743694060211554
junjin015 gmail,50,21,0.9743694060211554,0.4743694060211554
gmail com,50,26,0.9684593610998787,0.46845936109987873
com international,50,21,0.9743694060211554,0.4743694060211554
international financial,50,21,0.9743694060211554,0.4743694060211554
financial services,50,94,0.8946581994770265,0.3946581994770265
services limited,50,25,0.9696356275303644,0.46963562753036436
limited regards,34,8,0.9854774295050224,0.4854774295050224
going my,32,11,0.9789245114318559,0.4789245114318559
of investment,32,41,0.925715666143254,0.42571566614325396
investment opportunities,32,8,0.9845837615621787,0.48458376156217875
at micromentor,32,21,0.9605213685925555,0.46052136859255555
inc i,32,13,0.9751876829113119,0.47518768291131186
have been,32,2985,0.14615076565151888,0.35384923434848115
assigned to,32,6,0.9883930874387412,0.4883930874387412
users of,32,15,0.9714792749397895,0.47147927493978947
a new,32,3120,0.14071680376028203,0.35928319623971794
cash flow,32,492,0.5094389789949482,0.009438978994948166
development for,32,40,0.9273959341723136,0.4273959341723136
for us,32,658,0.4370936466294057,0.0629063533705943
us based,32,16,0.9696356275303643,0.46963562753036425
based entrepreneurs,32,17,0.9677989645157216,0.46779896451572156
only we,32,15,0.9714792749397895,0.47147927493978947
we thought,32,17,0.9677989645157216,0.46779896451572156
thought you,32,238,0.6822147053587324,0.1822147053587324
you would,32,3400,0.13064230192281467,0.3693576980771853
be interested,32,1073,0.32257249884254385,0.17742750115745615
purchasing and,32,6,0.9883930874387412,0.4883930874387412
to major,32,23,0.9569234611062555,0.4569234611062555
to cash,32,19,0.9641464335136496,0.4641464335136496
sales to,32,56,0.9012229539040452,0.40122295390404517
in exchange,32,80,0.8646209386281588,0.3646209386281588
exchange for,32,64,0.888682745825603,0.388682745825603
a low,32,91,0.8488204673828774,0.3488204673828774
commission for,32,16,0.9696356275303643,0.46963562753036425
example you,32,48,0.9141221374045801,0.41412213740458015
can purchase,32,24,0.955134596211366,0.455134596211366
purchase a,32,42,0.9240414757656137,0.4240414757656137
a 100,32,25,0.953352407015798,0.45335240701579804
submit to,32,13,0.9751876829113119,0.47518768291131186
and you,32,1430,0.26324105241464585,0.23675894758535415
you get,32,940,0.35214115052380074,0.14785884947619926
a double,32,12,0.9770525242223355,0.47705252422233546
back of,32,29,0.9462896653907891,0.44628966539078907
so you,32,847,0.376258039177181,0.12374196082281902
profit please,32,13,0.9751876829113119,0.47518768291131186
please note,32,48,0.9141221374045801,0.41412213740458015
note that,32,89,0.851650183353706,0.351650183353706
be subject,32,8,0.9845837615621787,0.48458376156217875
subject to,32,27,0.9498079068038171,0.4498079068038171
to a,32,1912,0.21087387189082102,0.289126128109179
a maximum,32,22,0.9587190392794597,0.4587190392794597
maximum of,32,21,0.9605213685925555,0.46052136859255555
per day,32,54,0.9044135001180081,0.40441350011800814
day to,32,256,0.666203059805285,0.16620305980528505
requirement is,32,19,0.9641464335136496,0.4641464335136496
if interested,32,131,0.7959289645861459,0.2959289645861459
interested kindly,32,9,0.9826900884728811,0.4826900884728811
kindly send,32,16,0.9696356275303643,0.46963562753036425
send an,32,79,0.8660865634534975,0.36608656345349755
for choosing,32,19,0.9641464335136496,0.4641464335136496
customer care,32,14,0.9733299466598933,0.47332994665989325
remember,41,411,0.6143138665582283,0.11431386655822828
contact,229,3254,0.5291132646121045,0.029113264612104506
listed,41,240,0.7317336711501918,0.23173367115019183
department,168,238,0.9185043144774688,0.41850431447746883
searching,30,356,0.5736526946107785,0.0736526946107785
commission,32,255,0.6670728522934981,0.1670728522934981
enable,72,155,0.8811896366702437,0.38118963667024375
investor,81,497,0.7223928950455231,0.22239289504552306
submit,32,116,0.8149723521905572,0.3149723521905572
jun,70,31,0.9730121880441092,0.47301218804410916
users,34,379,0.5888776395718831,0.0888776395718831
touch,30,1130,0.2977004350528279,0.2022995649471721
reference,41,148,0.8156069604219445,0.31560696042194447
8,32,897,0.3628959704531464,0.13710402954685358
converts,32,6,0.9883930874387412,0.4883930874387412
reply,77,1807,0.4048938996410262,0.09510610035897382
heights,12,34,0.849290780141844,0.349290780141844
current,33,1721,0.23439654788914097,0.265603452110859
kindly,161,743,0.7757748292408132,0.2757748292408132
lucky,42,97,0.8736321000521106,0.37363210005211056
team,41,1389,0.32032817367760036,0.17967182632239964
208,32,8,0.9845837615621787,0.48458376156217875
note,62,628,0.6118505088796408,0.11185050887964076
hesitate,30,169,0.7391975308641976,0.2391975308641976
funding,46,1108,0.39863226833592647,0.10136773166407353
american,32,240,0.6803977272727272,0.18039772727272718
reach,13,2877,0.06729200211807168,0.4327079978819283
age,32,466,0.5229971338883582,0.022997133888358223
plan,56,5939,0.13085261032030204,0.36914738967969796
sums,71,13,0.9886624611180558,0.4886624611180558
lucrative,80,87,0.9362325922306377,0.4362325922306377
"1,000,000",41,24,0.9646348052458372,0.4646348052458372
david,14,751,0.22937474346695852,0.2706252565330415
inform,73,154,0.883295021092783,0.383295021092783
services,50,2862,0.2181039978144067,0.2818960021855933
biggest,42,575,0.5383750802825947,0.03837508028259473
gregory,36,30,0.9503968253968255,0.45039682539682546
based,33,2652,0.16574915851395136,0.33425084148604867
investments,71,167,0.8716010148901817,0.3716010148901817
customer,32,1699,0.2311985278590606,0.2688014721409394
astonishing,41,5,0.9924200313305371,0.49242003133053713
proposal,52,349,0.7040533664989541,0.20405336649895411
top,41,692,0.4861258942053021,0.013874105794697889
invest,50,558,0.5885967068075694,0.08859670680756937
claim,41,78,0.8935347377041721,0.39353473770417213
worlds,41,26,0.96180028404917,0.46180028404916995
decided,126,765,0.7245030250648228,0.22450302506482278
madam,71,59,0.9505296402917912,0.4505296402917912
teamed,41,8,0.9879269580964837,0.4879269580964837
conducted,41,42,0.9397100339729173,0.4397100339729173
email,177,6466,0.3041400759785194,0.1958599240214806
experience,15,7984,0.029123852374293185,0.47087614762570684
business,229,23664,0.13383300126523434,0.36616699873476566
quote,41,106,0.8606424470835707,0.36064244708357074
100,32,610,0.45581063399548,0.04418936600452
inherited,71,13,0.9886624611180558,0.4886624611180558
shares,50,83,0.9058245083207261,0.40582450832072614
partner,43,1181,0.36762632302282827,0.13237367697717173
success,15,1948,0.10948571428571428,0.3905142857142857
paul,13,448,0.31662175217369193,0.18337824782630807
creativity,12,105,0.645987862440998,0.14598786244099804
country,71,851,0.5712054283746788,0.0712054283746788
double,32,114,0.8175805419244719,0.31758054192447194
esteem,32,30,0.9445403007148139,0.4445403007148139
minimum,33,238,0.6888482154530003,0.18884821545300035
sponsorship,30,81,0.8553571428571428,0.3553571428571428
specially,41,83,0.8874779700845045,0.38747797008450446
gmail.com,178,2961,0.48975254463157414,0.010247455368425862
profitable,50,556,0.5894659118877676,0.08946591188776765
major,32,621,0.45138111785146356,0.048618882148536435
congratulations,41,372,0.6376505730705543,0.13765057307055428
albert,10,23,0.8740875912408759,0.37408759124087587
receive,72,604,0.655565693430657,0.15556569343065696
grants,129,187,0.9167668135487604,0.41676681354876044
overwhelming,12,124,0.6070975918884665,0.10709759188846646
traders,32,14,0.9733299466598933,0.47332994665989325
european,32,70,0.8795042460408538,0.37950424604085375
return,12,541,0.2615342615342615,0.23846573846573849
international,84,653,0.6725503961488316,0.1725503961488316
chance,30,706,0.40421940928270045,0.09578059071729955
chris,9,592,0.19532418105205926,0.3046758189479407
keen,50,218,0.7855034437520497,0.2855034437520497
user's,41,15,0.9775996814176913,0.47759968141769127
winning,41,107,0.8595124513107795,0.35951245131077947
samuel,12,97,0.6638946638946639,0.1638946638946639
ticket,41,38,0.945136917079744,0.445136917079744
firms,32,264,0.6593255333792155,0.1593255333792155
mentoring,130,4380,0.32152630763670165,0.17847369236329835
continuous,30,54,0.8986866791744842,0.3986866791744842
securing,127,62,0.970331615969885,0.47033161596988504
private,39,560,0.5265071446689777,0.026507144668977745
day,32,3937,0.11486982718565925,0.38513017281434075
idea,32,5039,0.09206116589989069,0.40793883410010934
organization,127,886,0.6959262352281698,0.19592623522816977
investing,50,364,0.6868368224835102,0.1868368224835102
lottery,41,12,0.9819990999549977,0.4819990999549977
fixed,50,173,0.8218943033630748,0.3218943033630748
peterson,32,6,0.9883930874387412,0.4883930874387412
confidence,50,354,0.6927972230257449,0.19279722302574487
trade,32,388,0.5683773361020468,0.06837733610204677
cultural,12,81,0.7028613352898019,0.20286133528980188
requirement,32,222,0.6971075131890122,0.1971075131890122
fast,127,393,0.8376547374798619,0.33765473747986186
raffle,41,10,0.9849541100356086,0.4849541100356086
short,52,1013,0.45043220369633613,0.04956779630366387
winner,41,21,0.9689180521979378,0.4689180521979378
maximum,32,102,0.8335871220361105,0.3335871220361105
established,33,530,0.4985334468729303,0.0014665531270697252
property,50,563,0.5864348677766895,0.08643486777668952
conversion,32,174,0.7459606774381935,0.2459606774381935
wondering,12,972,0.16466139566861465,0.33533860433138535
hope,76,6937,0.14888309053878304,0.351116909461217
selling,33,1937,0.2138479646089533,0.2861520353910467
provide,46,3032,0.19500150450466397,0.30499849549533603
low,32,716,0.41643121060638993,0.08356878939361007
funds,72,624,0.6481732070365359,0.14817320703653591
send,35,3447,0.13950488870397337,0.3604951112960266
data,30,678,0.41400172860847023,0.08599827139152977
partnership,91,400,0.7841299537678318,0.2841299537678318
subject,32,188,0.7310186951545211,0.23101869515452111
earned,32,40,0.9273959341723136,0.4273959341723136
yahoo.com,74,316,0.7889863330810666,0.2889863330810666
investment,153,801,0.7530750023120318,0.25307500231203184
notice,32,219,0.6999726002374645,0.19997260023746455
million,41,294,0.6900804666362135,0.19008046663621347
awarded,41,23,0.9660583403020316,0.46605834030203164
limited,50,776,0.50709294939657,0.007092949396570014
care,32,1135,0.310421645267123,0.18957835473287699
junjin015,50,21,0.9743694060211554,0.4743694060211554
dollars,41,216,0.7519047436731882,0.25190474367318816
purchase,32,522,0.494643087646831,0.0053569123531689855
website,5,6167,0.012779808436274378,0.48722019156372565
flow,32,634,0.446255968324211,0.053744031675789006
entrepreneurs,44,1259,0.35815518471943714,0.14184481528056286
micromentor,73,1373,0.45914361122418157,0.04085638877581843
profile,124,5729,0.25682979772210357,0.24317020227789643
capital,30,778,0.381066030230708,0.11893396976929199
recommendations,30,188,0.7181409295352323,0.21814092953523234
choosing,32,109,0.8241746424346704,0.3241746424346704
tools,12,525,0.2673737091822495,0.2326262908177505
usa,127,466,0.8131340809752317,0.31313408097523165
lewis,18,21,0.9319066147859922,0.43190661478599224
partners,13,449,0.3161395136315175,0.1838604863684825
independently,50,26,0.9684593610998787,0.46845936109987873
calculated,50,68,0.9215082724124662,0.42150827241246624
"2,500",32,12,0.9770525242223355,0.47705252422233546
grant,129,242,0.8948603206325759,0.3948603206325759
resources,12,818,0.1897781299524564,0.3102218700475436
mix,12,134,0.5884520884520885,0.08845208845208852
genuine,30,88,0.8447971781305114,0.34479717813051136
draw,41,147,0.8166243918666057,0.31662439186660574
prize,41,23,0.9660583403020316,0.46605834030203164
financial,50,1951,0.29037342386032977,0.20962657613967023
mail,7,979,0.10246615530360909,0.3975338446963909
jane,9,15,0.9054820415879018,0.4054820415879018
read,6,2769,0.03344037978218375,0.4665596202178163
kickstart,41,36,0.947873932139582,0.44787393213958204
profit,32,1360,0.2730900798175599,0.2269099201824401
foundation,12,365,0.34423284225655765,0.15576715774344235
message,8,2887,0.04236969549545565,0.45763030450454434
grantstar,127,8,0.9960702765542875,0.4960702765542875
earn,32,244,0.6767926527728717,0.1767926527728717
america,41,221,0.7476112528074919,0.24761125280749186
exchange,32,332,0.6061372983233154,0.10613729832331542
details,73,1359,0.461689794948308,0.038310205051692026
deal,50,758,0.5129578068108803,0.012957806810880323
trust,121,560,0.7752778929627202,0.2752778929627202
gmail,50,218,0.7855034437520497,0.2855034437520497
opportunities,32,857,0.3735074808713875,0.12649251912861248
drive,12,554,0.25697424892703863,0.24302575107296137
user,44,443,0.613280568003259,0.11328056800325903
yearly,41,36,0.947873932139582,0.44787393213958204
18,32,329,0.6083022462100166,0.1083022462100166
dan,6,147,0.3945634266886326,0.10543657331136741
development,32,2624,0.16298060564817965,0.3370193943518204
assistance,72,1784,0.39187346604854106,0.10812653395145894
cash,82,902,0.5920889987639061,0.09208899876390608
ideal,12,409,0.31901431901431904,0.18098568098568096
claims,41,36,0.947873932139582,0.44787393213958204
purchasing,32,155,0.7672439683652017,0.2672439683652017
build,14,2268,0.08971717550103016,0.41028282449896986
project,16,2075,0.10962039076579798,0.390379609234202
www.micromentor.org,32,39,0.9290823130076373,0.42908231300763733
viable,51,281,0.7434492833013786,0.2434492833013786
ashley,9,165,0.4655004859086491,0.03449951409135088
instant,32,55,0.9028154081752856,0.4028154081752856
assigned,32,22,0.9587190392794597,0.4587190392794597
contribute,12,159,0.5464917284654878,0.04649172846548777
fit,12,2130,0.08252929014472776,0.41747070985527224
potential,12,1729,0.09976049151306883,0.4002395084869312
venture,80,1219,0.511683802910936,0.011683802910935959
instantly,32,38,0.9307748360456644,0.43077483604566436
silent,30,21,0.9580000000000001,0.4580000000000001
ready,12,1468,0.11544950590503734,0.38455049409496267
richard,9,180,0.4439295644114922,0.05607043558850783
sales,32,3518,0.12681603071118905,0.3731839692888109
ahead,12,573,0.25058854302903477,0.24941145697096523
proceed,52,330,0.7155826246839807,0.2155826246839807
jin,36,9,0.9845837615621787,0.48458376156217875
mentorship,127,978,0.6746254422055382,0.17462544220553822
information,170,2929,0.4809805079740106,0.019019492025989404
term,50,825,0.49178644763860374,0.008213552361396259
director,159,396,0.8650628684362968,0.36506286843629676
